id,first_name,last_name,grade,instrument
1,Kelci,Peirazzi,9,Saxophone
2,Gelya,Ivashkin,11,Flute
3,Koral,Orring,9,Saxophone
4,Caryn,Bamforth,10,Keyboard
5,Nanni,Fealty,11,Trumpet
6,Terra,Iskowitz,9,Saxophone
7,Maryjo,Ricold,9,Drums
8,Ban,Ugolotti,9,Trombone
9,Anne-corinne,Calderon,9,Drums
10,Cirstoforo,McKinie,9,Trombone
11,Benoite,Bruinemann,9,Trumpet
12,Valry,McClarence,9,Trumpet
13,Maryrose,Mathouse,11,Trumpet
14,Deb,Elie,9,Trombone
15,Ida,Drew,11,Keyboard
16,Bobbie,Haslam,9,Saxophone
17,Casey,Kenan,10,Flute
18,Marty,Strugnell,9,Saxophone
19,Twila,Grocock,11,Flute
20,Emlynne,Torritti,10,Keyboard
21,Tim,Alabone,12,Keyboard
22,Ailee,Sara,11,Drums
23,Sherie,Culwen,12,Trumpet
24,Seline,Pullen,11,Saxophone
25,Herve,Readitt,9,Drums
26,Connie,Cleaton,12,Trumpet
27,Tye,Farge,11,Drums
28,Dominik,Stener,10,Flute
29,Koren,Vedekhov,9,Trombone
30,Annabella,Davidde,11,Flute
31,Oralla,Satterlee,9,Trumpet
32,Jo-anne,Shalloo,12,Flute
33,Talya,Radden,11,Saxophone
34,Gabi,Giraudou,12,Drums
35,Sydney,Mickan,10,Saxophone
36,Rudolf,Dendon,9,Keyboard
37,Rosaleen,Grombridge,12,Trombone
38,Tomkin,Haggith,10,Keyboard
39,Moishe,Wyre,9,Trumpet
40,Ingram,Phorsby,9,Saxophone
41,Cathy,Balaizot,11,Flute
42,Erda,Rivett,11,Saxophone
43,Rivkah,Pointer,10,Trumpet
44,Ethelred,Schulke,12,Saxophone
45,Ewell,Walkington,9,Drums
46,Celina,Toler,12,Flute
47,Leonhard,Kuhl,10,Keyboard
48,Gertie,Castiglione,10,Trombone
49,Murray,Persey,10,Saxophone
50,Margette,McCullum,10,Flute
