id,first_name,last_name,created_at,gender,age
53636f20-8036-4790-abb1-7c1cce981b49,Rachel,Fischer,1/21/2017,female,39
fa44d96e-4ff1-426d-92e7-a1feccc837bb,Yvonne,Massey,1/17/2017,female,33
bf49be9e-abae-4810-91d5-c5455276a2e0,Melanie,Guerra,1/21/2017,female,34
ec190028-3f59-4829-bc18-a909e7aa3ffe,Tiffany,Page,1/24/2017,female,37
90038787-ceed-41db-9bb6-4a3d1d644bbe,Eva,Flowers,1/4/2017,female,33
9244d64e-8dbb-4382-a4a5-5318661da692,Pedro,Hampton,1/3/2017,male,25
aac29bd6-61be-4cbd-8891-f05e703dff01,Randy,Chandler,1/22/2017,male,44
8a08151d-ff10-47a0-be3f-2164459981fa,Deborah,Delacruz,1/23/2017,female,22
340764d6-0714-4808-91d5-2fd78ebcceaa,Jamie,Maxwell,1/3/2017,male,37
1e25cd73-23e7-4e6f-a601-4eec5c870753,Aaron,Key,1/20/2017,male,43
6d941976-05a7-48c2-be6f-eb029a864717,Tom,Blankenship,1/12/2017,male,22
03d3091e-0062-47f8-991a-6d5ae1963bd4,Fernando,Kane,1/4/2017,male,46
e9005106-b5d3-49d8-bb80-c6dac246140b,Alfredo,Wynn,1/27/2017,male,30
5f656810-e019-45d0-b782-7589c4515474,Martha,Hull,1/14/2017,female,38
d48d3d8d-d00a-4547-9105-4fafd3da89f9,Wayne,Haley,1/2/2017,male,45
b9dbd4d3-c2d2-4968-9418-3ab9b39fa654,Annie,Salas,1/8/2017,female,20
6fed31c6-7fcf-49dd-8965-8e25cde0565a,Arthur,Miranda,1/6/2017,male,20
d7e10449-5d1e-4b4b-aacf-054df4e58dfd,Stanley,Dickerson,1/21/2017,male,26
16e7f8a6-95ff-46ef-854a-6fb5e2ce8ca4,Ellen,England,1/22/2017,female,38
00a04886-86b1-4bf8-9f94-81b7c138a6ec,Jean,Mann,1/20/2017,female,45
3c3dab31-c502-4e1c-b742-6aba964ccd9a,Patricia,Hodge,1/8/2017,female,28
9cf965e3-c7fe-49f2-bd48-5a14249317af,Enrique,Thornton,1/30/2017,male,39
9d6b5c51-d954-4dba-a06e-a6e183c218d0,George,Mueller,1/11/2017,male,49
fdbd0368-c96b-4684-b327-f2565bd6123f,Joshua,Fitzpatrick,1/11/2017,male,30
9f89a850-7bc8-498b-b028-f7461ea124a9,Carolyn,Haney,1/7/2017,female,27
ebcc789a-8e46-42f9-9dff-1c389581b4ad,Connie,Holcomb,1/26/2017,female,34
8e14dd8c-f57d-453b-b559-3cb48443b916,Charlie,Church,1/29/2017,male,13
1e7756c4-100c-469a-a911-9a359c138dbf,Corey,O'neill,1/29/2017,male,36
49975b14-9065-42a9-902d-3af7b964e8c3,Darren,Kirkland,1/20/2017,male,45
2ebfa784-6ed3-46d3-9f25-258d3ead3959,Sonia,O'connor,1/24/2017,female,41
8aa18375-48e2-470b-b505-7dbd0dd130cb,Wendy,Huber,1/30/2017,female,49
0251b21f-cdfb-4938-8432-4e0d876e65e3,Clarence,Christian,1/24/2017,male,29
625e000c-4c42-4c77-801d-96b74f5a4fb0,Catherine,Hewitt,1/4/2017,female,38
e1a7af1b-b9ec-4582-b6a9-7dfcc0b42ab9,Jonathan,Bradshaw,1/15/2017,male,32
68502879-d3f4-4f24-8118-75bc5d0a2612,Marian,Stokes,1/16/2017,female,34
26a0bbd6-593b-425d-a299-18360bbee244,Pearl,Joseph,1/17/2017,female,24
44866e11-f37b-4a71-a45a-b614d1705bc9,Kyle,Donovan,1/21/2017,male,43
a307c550-3039-4a44-bf77-182a5b290920,Gordon,Giles,1/30/2017,male,32
991ec867-91a3-4c04-b4e9-22ab07eb9999,Melinda,Mathis,1/10/2017,female,32
dfe62592-bf58-4dd3-9a4b-9e994cb866f5,Alex,Casey,1/11/2017,male,31
de8d9a85-436b-4311-a660-f8c3475977d5,Cory,Bond,1/10/2017,male,15
06695c69-c72b-4739-87e8-52280c01a749,Tara,Rivas,1/24/2017,female,31
8b1d5608-43c5-4040-b5d4-fadc935311a3,Alicia,Eaton,1/26/2017,female,33
e18da8f1-2a8f-4f6f-af24-57f87c4d7089,Jacob,Mckay,1/18/2017,male,31
b38bf607-7a0b-4986-a396-c61c00d2a736,Stanley,Bentley,1/18/2017,male,34
697ca9cf-52e9-4a60-bb41-121c6ebf86e8,Robert,Guerrero,1/18/2017,male,37
dc2ae50a-8536-4ce6-af50-e1c7fa920856,Bob,Duke,1/28/2017,male,21
b8557f32-fa57-43df-8984-fd7ff9c53f31,Billie,Cotton,1/11/2017,female,41
cc16dc95-e0fa-4bcd-bb3d-3069907db29d,Elmer,Frost,1/20/2017,male,33
2c2d116f-a1f8-46e4-bb93-8387e4d0045c,Kristina,Cantu,1/7/2017,female,22
71bb1cf8-5860-4d93-9782-4639ae3f1f30,Marc,Gross,1/10/2017,male,23
4b01b30d-c702-443f-8ae1-8da2fdf8fcc9,Keith,Montoya,1/6/2017,male,41
af325ad7-9bce-47df-8f5f-eb23e92ec507,Danny,Foreman,1/23/2017,male,33
b64ac8da-ed51-4fbb-a3c6-98f88244cd07,Justin,Mcneil,1/28/2017,male,38
83acf3bc-7fef-4288-b00f-11a6331047bd,Kenneth,Duke,1/24/2017,male,41
9f5f4e15-7fa5-4841-8993-ed32690e8082,Robert,Keller,1/24/2017,male,54
b1c4c721-6fed-4cae-a5b0-2c5d9e95c1a8,Wendy,Benson,1/19/2017,female,28
89908d57-04f3-4fad-8140-a285a5f409f6,Christy,Lloyd,1/10/2017,female,54
302108f0-6c1d-4d85-bd77-f0e7d7e543e1,Eileen,Mckee,1/17/2017,female,49
cf29dfb1-4102-41a0-9361-44bcc8601634,Priscilla,Battle,1/29/2017,female,23
a4c787c5-fa70-42a9-a139-b288a6d6c8ec,Claire,Trevino,1/22/2017,female,31
9ec24c11-46a3-4eeb-a8e7-cb549598ff4e,Ramon,Raymond,1/29/2017,male,46
e7586fcc-84ad-4ced-8517-2a63bcf24703,Warren,Hensley,1/8/2017,male,52
b0d7bff1-1b01-402f-82a8-074fe509e9d9,Elizabeth,Pratt,1/26/2017,female,34
a9bb4338-3793-44ba-85f2-8aeda54a3411,Glenda,French,1/29/2017,female,16
192938b5-b767-4e87-8521-cb2def148d06,Norman,England,1/22/2017,male,36
d478aed4-e25a-4683-a525-83bad332675d,Fred,Bowers,1/3/2017,male,30
20108b6c-190a-4afa-878a-e914b1047215,Sean,Glenn,1/23/2017,male,26
1f62527e-48c3-4260-a740-982c2718e776,Billy,Russo,1/26/2017,male,22
5c8f7676-e63b-4d2f-825e-7794b39a2f95,Constance,Carson,1/25/2017,female,25
abab138d-f102-4e8b-b9a8-2eb9b6c037c3,Jonathan,Floyd,1/8/2017,male,41
40b14683-a808-44ae-abf9-895a534f9e83,Earl,Cooley,1/13/2017,male,40
1e7443a0-f4ca-418c-97a5-c727a54e153c,Edna,Summers,1/9/2017,female,24
0017b564-641c-4a31-bb47-1d81c2482347,Carl,Wilkerson,1/16/2017,male,24
11c624b8-29cc-44d1-a749-6a5a111b303e,Penny,Barry,1/6/2017,female,29
d136e82f-a4eb-4dcc-aea0-c74840ef5c89,Tonya,Whitney,1/11/2017,female,26
5a408947-6a99-468a-900e-47a4757de7ca,Lonnie,Weeks,1/27/2017,male,47
2349e512-85c0-44b9-b93e-0f17ace5cc06,Amy,Atkins,1/13/2017,female,34
8b51f299-6ab2-41b4-b8f8-c518deeda067,Arthur,Padilla,1/23/2017,male,19
b18f5a9c-102d-47c5-b849-fed5286a180d,Clyde,Blevins,1/15/2017,male,26
544ac6e0-84b1-4d4b-8af7-e8739b626c5f,Nelson,Fitzpatrick,1/12/2017,male,21
0df3e034-13e6-4562-87ac-31366ce475b7,Ricardo,Galloway,1/25/2017,male,32
c1578295-7840-458b-99ab-ad683e36ea3b,Edward,Vincent,1/23/2017,male,33
0810e2f5-b516-4f23-90b0-61ae14782600,Duane,Norman,1/28/2017,male,29
b89e6d5b-5251-47f0-825c-948f56b6dece,Peter,Wiggins,1/4/2017,male,54
885e89eb-6789-4083-9432-02a2e13e89a0,Joshua,Faulkner,1/21/2017,male,61
f49a4329-c552-44a3-8a46-422289874f91,Alan,Baldwin,1/9/2017,male,31
59ef1a2b-60dc-402b-8416-d18ad6f0bef3,Joshua,Mercer,1/5/2017,male,46
a47ecab5-1860-41ca-90b3-bcd7e9b07d81,Jane,Maynard,1/13/2017,female,24
6cb8db0a-b527-4b6e-92b8-d03ba4aea1b6,Debbie,Brock,1/12/2017,female,30
e3e6222a-2265-4583-92ea-6e746680296c,Keith,Hull,1/26/2017,male,23
828489cd-d27e-4efa-a40d-f3df3e152f5c,Bobby,Luna,1/5/2017,male,51
0ceae0ab-b7ef-4a28-8423-c9ca83ac9b83,Hilda,Dyer,1/7/2017,female,32
50b268c8-8549-4ced-92fe-8dc965a6ecb1,Oscar,Wise,1/15/2017,male,37
476dee42-3819-4954-957a-b7f8e8c68ad5,Joyce,Mcgee,1/25/2017,female,25
e3c45568-17dd-46ac-b062-68fc463ad5ae,Becky,Stanton,1/17/2017,female,42
244656d8-a0a7-42af-8c4e-4775b37c8aa6,Megan,Kirk,1/16/2017,female,14
9571b78a-2afb-4f3c-8b31-ff275e6b2949,Deborah,Poole,1/20/2017,female,32
2f3e9e8b-0e48-4c51-9ea0-45a084530e27,Randall,Charles,1/5/2017,male,41
a6efd092-78a8-4017-864b-c84508ec0dfc,Jeanette,Harrell,1/28/2017,female,37
1a8ad4bb-a24b-461f-b28b-e6f8b6fd1bd8,Connie,Conner,1/27/2017,female,16
b348d77f-7cac-4392-afcb-f1bb0b2c312d,Jeffery,Vega,1/9/2017,male,15
c0888b61-f55d-4deb-a8fe-2c82efa2bb83,Helen,French,1/22/2017,female,13
7d26ae03-27c3-4bb6-8b96-a736b40dea18,Vickie,Nieves,1/8/2017,female,30
4ff40e70-55bc-4940-847b-7d0f9e2b4494,Brandon,Frye,1/4/2017,male,45
b9d1b920-4c76-428e-8a8b-c4ffb9a0261f,Guy,Mccall,1/21/2017,male,40
70d34c82-2d7f-453a-bc14-1bab7224ca1f,Alvin,Sweet,1/30/2017,male,36
9541bde6-5d7a-4ded-918d-09f8ad41e40e,Marilyn,Ramsey,1/30/2017,female,28
c89db18c-94c2-45e3-8cb2-a5c5df2d75f7,Kelly,Mooney,1/15/2017,male,17
189e0742-696b-4f5d-b61f-12dcb3438968,Vincent,Christensen,1/25/2017,male,23
ec7dfd5a-d3d4-48f6-8be0-d4b90deec6ad,Herman,Patton,1/19/2017,male,34
65d13e88-44ac-474f-aecc-cd2c343b3e1c,Tanya,Christian,1/26/2017,female,35
30ed8cb1-0b5f-444a-9d06-8b3a41507840,Lucy,Burris,1/27/2017,female,35
19e32797-213d-4213-a18c-6d959ceebd8a,Claude,Marquez,1/4/2017,male,40
220201d9-21ad-4380-94f2-148ce930be06,Wade,Hickman,1/1/2017,male,35
68c6a787-4bd8-4d58-8f77-1556d8e6deac,Gladys,Benjamin,1/10/2017,female,43
7ae01861-b8a8-44f6-a036-e847379aa5d4,Douglas,Berger,1/6/2017,male,36
ee78c21c-4197-46ed-b71c-4845f0a1e996,Lawrence,Shepard,1/7/2017,male,24
4f48ff53-50eb-416e-8a81-f48d944e0d69,Virginia,Hester,1/23/2017,female,31
043ad315-765b-4e41-a831-1b25c70f0c88,Phyllis,Mclean,1/5/2017,female,37
8c6d8961-485e-431b-b50d-69b5fe098085,Darren,Bernard,1/16/2017,male,47
5e20466b-d417-4bfc-b8f8-fbf497ec5da0,Laura,Mcclain,1/6/2017,female,21
a0b6708f-a7ba-4425-a037-f4434d2a4124,Frederick,Anthony,1/12/2017,male,13
5e1c2974-d93d-45cf-a491-999a4c456fa2,Erika,Mclean,1/24/2017,female,57
509f969d-63c6-493f-a15b-b69eec91ca95,Nancy,Rollins,1/5/2017,female,34
4fa3be1a-20dd-471a-841a-05697d0bd813,Debra,Garrison,1/21/2017,female,41
b4b31c1b-7a16-47e9-bde0-9f6b665d10cc,Gladys,Blevins,1/5/2017,female,27
f4d378b3-7c90-45e0-81db-d3ec51904301,Jose,Mcfarland,1/5/2017,male,29
79328f96-f816-4de7-bc32-019ffe35e4d6,Nathaniel,Hardin,1/6/2017,male,42
b38e5646-951a-45f6-b5f1-1047491aa3d6,Luis,Raymond,1/25/2017,male,25
285ba39f-67d3-4850-835d-14bb5679abca,Sheila,Wiggins,1/13/2017,female,33
ad207931-6c5a-4004-906d-3cd587fb3dca,Beth,Santos,1/1/2017,female,25
4214e926-d76b-43e9-892a-43986888f113,Frances,Robbins,1/12/2017,female,33
d9602d3d-8afa-4902-a2f8-94b6befa717a,Michelle,Roy,1/14/2017,female,41
dccf1f82-d524-479f-9fc2-212185d6bc85,Gerald,Key,1/8/2017,male,31
5056bfd2-95a6-446e-be29-b9f89cb777f7,Mark,Valdez,1/29/2017,male,17
3c37ff06-1c8a-4419-b49f-5f1c89fe713f,Connie,Clarke,1/13/2017,female,31
8b2b4552-5469-447a-b6e4-b49d8c9daa82,Russell,Church,1/2/2017,male,39
aa27a51c-198f-4d33-9f34-814ebddeafca,Samuel,Wynn,1/15/2017,male,46
dd6f6d98-d882-4898-89e8-4fced2957c15,Arthur,Bernard,1/14/2017,male,37
dfee97cd-3e2f-4559-bd2e-1882f229a9cf,Misty,Gentry,1/11/2017,female,38
256c65ca-d3fa-4674-af78-5fadfba86fe0,Roland,Webster,1/10/2017,male,42
e0ef7489-f940-44ea-9dbf-f067fb99fe6d,Danielle,Becker,1/28/2017,female,35
c7427708-385e-41f2-987f-3e06ecf62fd9,Lester,Sawyer,1/4/2017,male,38
4e78770b-8f44-44a5-bbfa-53dd993d130e,Anthony,Berg,1/6/2017,male,30
89a6938b-f0a6-4780-8dee-4fcd295a552f,Roberta,Melendez,1/11/2017,female,44
c6c5958d-2847-485d-a015-d77178645150,Arthur,Hoover,1/6/2017,male,34
40df5dbc-aedf-4d35-84db-1b1de35690f0,Jimmy,Finley,1/8/2017,male,16
db475a53-e365-4b4c-bd86-b74d4b21528f,Naomi,Harding,1/1/2017,female,31
6fb512ca-1e25-41a6-a52b-6e330a4c1071,Mabel,Le,1/14/2017,female,34
d067181c-04a3-44da-86d8-73f7b489bc4a,John,Barron,1/19/2017,male,24
0b0c3bc0-8b63-42cf-a815-85d0258cb72f,Judith,Nolan,1/25/2017,female,22
4326b025-e83f-4d64-9907-dd35046cec6b,Robin,Delgado,1/4/2017,female,15
65e615c1-86df-463b-806e-64baab30a859,Jamie,Cross,1/10/2017,female,33
0fd581d4-e543-4651-8aa0-0a8e84d18405,Michelle,Alford,1/2/2017,female,23
7c578b14-b87e-4e80-8b48-581742c6d81e,Ethel,Mcfarland,1/12/2017,female,26
363675c9-8f67-49ce-a4f5-7f4b5920e2b8,Emma,Moses,1/10/2017,female,32
7dc7b124-6be2-4565-9897-27f9e2498a49,Eileen,Adkins,1/24/2017,female,31
b5ac85fe-2eb1-4c5d-97c1-17801975837d,Lewis,Battle,1/12/2017,male,33
556d0e7b-63ea-4cc4-baac-ec51fe47f19e,Yolanda,Jacobson,1/23/2017,female,50
6582ab39-6af1-4243-b2a3-c85dc1813f96,Bonnie,Winters,1/4/2017,female,22
f1611028-b55a-4b14-9ff5-376140bf6f02,Judith,Fischer,1/19/2017,female,19
08ea6573-da5b-4d25-a4be-31572c291b77,Donald,Cleveland,1/18/2017,male,21
6bd5fda1-379e-44a3-9732-a3f6af5c87bd,Shannon,Stephenson,1/1/2017,female,27
04609ce5-ee37-4f5a-8021-387112a51406,Tracey,Casey,1/15/2017,female,20
f1da4d78-3b9e-4215-a59f-492adbd09329,Andrew,Suarez,1/4/2017,male,31
7900cf1b-6efe-48f7-85a6-28a7cc7eb1cd,Wesley,Rivas,1/4/2017,male,33
52023ac5-bec9-4935-a8af-70b4c7180a2a,Nicholas,Page,1/10/2017,male,30
cb212266-161c-4f0f-aafd-8c2d655fe99e,Phillip,Weber,1/14/2017,male,35
6325e034-da92-48fd-9e5c-587fc0a7179e,Bobby,Becker,1/15/2017,male,32
1ce0dd3f-a502-4717-8ac6-f814bcd925c1,Julian,Nixon,1/22/2017,male,35
dc2f9fbc-5106-4aad-8806-56a6d20297fd,Mildred,Mcconnell,1/24/2017,female,34
5e92897d-d82e-40b4-8c39-62c85792d9f5,George,Spears,1/23/2017,male,53
36fa472b-904a-4d41-9484-f92ca638ec47,Jessie,Merrill,1/18/2017,female,42
8f2041cc-5e62-40c9-9feb-800b502b2d00,Jessie,Benson,1/21/2017,male,38
42038fb3-b538-4c25-9c76-cabf57c29e16,Kristina,Woodward,1/3/2017,female,42
b6508025-297a-4fb9-b0d1-3da3c528c9cc,Ron,Kemp,1/14/2017,male,39
10702aee-dfa1-4344-8340-adb055337cc7,Clara,Ashley,1/28/2017,female,59
6d6ababb-ff8b-45bd-8be5-2b9506f196d1,Mark,William,1/30/2017,male,23
762c65d1-084a-4e74-9c23-d92e5c43aab5,Ken,Head,1/12/2017,male,34
a72ec25e-bac7-4bc7-bc4b-6591dbeb5a5c,Ronnie,Fitzpatrick,1/22/2017,male,41
d892c249-ff69-4a56-8b99-615468781068,Willard,Pacheco,1/16/2017,male,36
1023371a-0b59-4dd1-94cf-90bffe5134ac,Warren,Best,1/29/2017,male,36
e7ad9833-7f22-48c5-a608-c8c82b02b393,Julio,Acevedo,1/26/2017,male,51
3c42e34b-044f-4bfa-9d94-88baa55332c4,Robin,Mclean,1/16/2017,female,36
6d5dc1c2-3bc7-47c2-aedb-f8a9878ae093,Christine,Dale,1/24/2017,female,37
93ead009-cfdb-4c46-8b7a-9c2b52d976c9,Charles,Guy,1/25/2017,male,35
976ad222-6958-4a5c-a96b-1d83aee3e224,Freddie,Ortega,1/5/2017,male,37
0d6e5aeb-64bc-4706-9ff2-77b8faf77204,Jessie,Baird,1/18/2017,male,36
1309dcf9-8cb5-41d4-a673-522db8075fa4,Erik,Gallegos,1/4/2017,male,38
935eb1e7-5cd6-4e58-9941-b279a416b853,Priscilla,Lindsey,1/27/2017,female,32
8868ee47-2439-4e22-ab51-f231730af87c,Carrie,Farrell,1/30/2017,female,40
a0404d4b-0fe8-494b-b825-7f15fc2ecd82,Joshua,Gates,1/14/2017,male,31
9865beb2-b2ba-43ca-9977-240f765ee5be,Marsha,Fulton,1/27/2017,female,39
d537efdf-934d-4ce0-be51-48b5e967ad17,Jessica,Cobb,1/6/2017,female,40
844867f9-3985-482e-9f88-e2ff8b185ff5,June,Cummings,1/21/2017,female,25
ee1293cb-7aa3-496f-86fd-adae534db2b3,Grace,Guerra,1/20/2017,female,18
ef0103d3-685f-4fff-af0f-e6d70b467340,Kelly,Ayers,1/15/2017,male,30
a8a0c76c-541d-483c-ac82-57fa65011309,Lawrence,Livingston,1/19/2017,male,31
a16c9c29-97cb-42cc-856a-012693b9cd13,Cynthia,Emerson,1/26/2017,female,30
